{
  "Edit User" : {
    "transaction" : "Edit User",
    "sampleCount" : 1,
    "errorCount" : 0,
    "errorPct" : 0.0,
    "meanResTime" : 465.0,
    "medianResTime" : 465.0,
    "minResTime" : 465.0,
    "maxResTime" : 465.0,
    "pct1ResTime" : 465.0,
    "pct2ResTime" : 465.0,
    "pct3ResTime" : 465.0,
    "throughput" : 2.150537634408602,
    "receivedKBytesPerSec" : 2.610467069892473,
    "sentKBytesPerSec" : 0.5523353494623655
  },
  "Get Single User" : {
    "transaction" : "Get Single User",
    "sampleCount" : 1,
    "errorCount" : 0,
    "errorPct" : 0.0,
    "meanResTime" : 1309.0,
    "medianResTime" : 1309.0,
    "minResTime" : 1309.0,
    "maxResTime" : 1309.0,
    "pct1ResTime" : 1309.0,
    "pct2ResTime" : 1309.0,
    "pct3ResTime" : 1309.0,
    "throughput" : 0.7639419404125286,
    "receivedKBytesPerSec" : 1.1541193181818183,
    "sentKBytesPerSec" : 0.13577874331550802
  },
  "Delete User" : {
    "transaction" : "Delete User",
    "sampleCount" : 1,
    "errorCount" : 0,
    "errorPct" : 0.0,
    "meanResTime" : 465.0,
    "medianResTime" : 465.0,
    "minResTime" : 465.0,
    "maxResTime" : 465.0,
    "pct1ResTime" : 465.0,
    "pct2ResTime" : 465.0,
    "pct3ResTime" : 465.0,
    "throughput" : 2.150537634408602,
    "receivedKBytesPerSec" : 2.3101478494623655,
    "sentKBytesPerSec" : 0.42632728494623656
  },
  "Total" : {
    "transaction" : "Total",
    "sampleCount" : 4,
    "errorCount" : 0,
    "errorPct" : 0.0,
    "meanResTime" : 677.25,
    "medianResTime" : 467.5,
    "minResTime" : 465.0,
    "maxResTime" : 1309.0,
    "pct1ResTime" : 1309.0,
    "pct2ResTime" : 1309.0,
    "pct3ResTime" : 1309.0,
    "throughput" : 1.219884111009454,
    "receivedKBytesPerSec" : 1.52872684126258,
    "sentKBytesPerSec" : 0.2686365888990546
  },
  "Create User" : {
    "transaction" : "Create User",
    "sampleCount" : 1,
    "errorCount" : 0,
    "errorPct" : 0.0,
    "meanResTime" : 470.0,
    "medianResTime" : 470.0,
    "minResTime" : 470.0,
    "maxResTime" : 470.0,
    "pct1ResTime" : 470.0,
    "pct2ResTime" : 470.0,
    "pct3ResTime" : 470.0,
    "throughput" : 2.127659574468085,
    "receivedKBytesPerSec" : 2.5826961436170213,
    "sentKBytesPerSec" : 0.5277593085106383
  }
}